,gender,NationalITy,PlaceofBirth,StageID,GradeID,SectionID,Topic,Semester,Relation,raisedhands,VisITedResources,AnnouncementsView,Discussion,ParentschoolSatisfaction,StudentAbsenceDays,Class,Discussion-Binned
0,M,KW,KuwaIT,lowerlevel,2,A,IT,F,Father,0.15,0.16161616161616163,2,20,Good,0,M,Low
1,M,KW,KuwaIT,lowerlevel,2,A,IT,F,Father,0.2,0.20202020202020202,3,25,Good,0,M,Low
2,M,KW,KuwaIT,lowerlevel,2,A,IT,F,Father,0.1,0.0707070707070707,0,30,Bad,1,L,Low
3,M,KW,KuwaIT,lowerlevel,2,A,IT,F,Father,0.3,0.25252525252525254,5,35,Bad,1,L,Medium
4,M,KW,KuwaIT,lowerlevel,2,A,IT,F,Father,0.4,0.5050505050505051,12,50,Bad,1,M,Medium
5,F,KW,KuwaIT,lowerlevel,2,A,IT,F,Father,0.42,0.30303030303030304,13,70,Bad,1,M,High
6,M,KW,KuwaIT,MiddleSchool,5,A,Math,F,Father,0.35,0.12121212121212122,0,17,Bad,1,L,Low
7,M,KW,KuwaIT,MiddleSchool,5,A,Math,F,Father,0.5,0.10101010101010101,15,22,Good,0,M,Low
8,F,KW,KuwaIT,MiddleSchool,5,A,Math,F,Father,0.12,0.21212121212121213,16,50,Good,0,M,Medium
9,F,KW,KuwaIT,MiddleSchool,5,B,IT,F,Father,0.7,0.8080808080808081,25,70,Good,0,M,High
10,M,KW,KuwaIT,MiddleSchool,5,A,Math,F,Father,0.5,0.8888888888888888,30,80,Good,0,H,High
11,M,KW,KuwaIT,MiddleSchool,5,B,Math,F,Father,0.19,0.06060606060606061,19,12,Good,0,M,Low
12,M,KW,KuwaIT,lowerlevel,2,A,IT,F,Father,0.05,0.010101010101010102,0,11,Bad,1,L,Low
13,M,lebanon,lebanon,MiddleSchool,6,A,Math,F,Father,0.2,0.1414141414141414,12,19,Bad,1,L,Low
14,F,KW,KuwaIT,MiddleSchool,6,A,Math,F,Mum,0.62,0.7070707070707071,44,60,Bad,1,H,Medium
15,F,KW,KuwaIT,MiddleSchool,4,A,IT,F,Father,0.3,0.40404040404040403,22,66,Good,0,M,Medium
16,M,KW,KuwaIT,MiddleSchool,5,B,IT,F,Father,0.36,0.30303030303030304,20,80,Bad,1,M,High
17,M,KW,KuwaIT,MiddleSchool,5,A,Math,F,Father,0.55,0.13131313131313133,35,90,Bad,1,M,High
18,F,KW,KuwaIT,MiddleSchool,5,A,IT,F,Mum,0.46,0.15151515151515152,36,96,Good,0,M,High
19,M,KW,KuwaIT,MiddleSchool,5,B,IT,F,Mum,0.7,0.5050505050505051,40,99,Good,0,H,High
20,F,KW,KuwaIT,MiddleSchool,5,A,IT,F,Father,0.6,0.6060606060606061,33,90,Bad,1,M,High
21,F,KW,KuwaIT,MiddleSchool,5,B,IT,F,Father,0.1,0.12121212121212122,4,80,Bad,0,M,High
22,M,KW,KuwaIT,MiddleSchool,5,A,IT,F,Father,0.15,0.21212121212121213,2,90,Bad,0,M,High
23,M,KW,KuwaIT,MiddleSchool,5,A,IT,F,Father,0.02,0.0,2,50,Bad,1,L,Medium
24,M,KW,KuwaIT,MiddleSchool,5,B,IT,F,Father,0.0,0.020202020202020204,3,70,Good,1,L,High
25,M,KW,KuwaIT,MiddleSchool,5,A,IT,F,Father,0.08,0.0707070707070707,30,40,Good,1,L,Medium
26,M,KW,KuwaIT,MiddleSchool,5,B,IT,F,Father,0.19,0.1919191919191919,25,40,Bad,0,M,Medium
27,M,KW,KuwaIT,MiddleSchool,6,A,Arabic,F,Father,0.25,0.15151515151515152,12,33,Bad,1,L,Low
28,M,KW,KuwaIT,MiddleSchool,6,A,Science,F,Father,0.75,0.8585858585858586,52,43,Good,0,M,Medium
29,F,KW,KuwaIT,MiddleSchool,6,A,Arabic,F,Father,0.3,0.9090909090909091,33,35,Bad,0,M,Medium
30,F,KW,KuwaIT,MiddleSchool,6,A,Arabic,F,Father,0.35,0.8080808080808081,50,70,Good,0,H,High
31,M,KW,KuwaIT,MiddleSchool,5,A,IT,F,Father,0.04,0.050505050505050504,40,16,Good,1,L,Low
32,F,KW,KuwaIT,lowerlevel,5,A,IT,F,Father,0.02,0.1919191919191919,10,50,Good,1,L,Medium
33,M,KW,KuwaIT,lowerlevel,3,A,English,F,Father,0.08,0.2222222222222222,9,40,Bad,1,L,Medium
34,M,KW,KuwaIT,MiddleSchool,5,B,Science,F,Father,0.12,0.1111111111111111,8,40,Bad,1,L,Medium
35,M,KW,KuwaIT,MiddleSchool,5,B,Science,F,Mum,0.08,0.06060606060606061,4,22,Good,1,L,Low
36,F,Egypt,Egypt,MiddleSchool,5,A,IT,F,Father,0.45,0.5454545454545454,26,90,Good,0,M,High
37,M,KW,KuwaIT,MiddleSchool,4,A,IT,F,Father,0.0,0.0,0,4,Bad,1,L,Low
38,F,SaudiArabia,SaudiArabia,MiddleSchool,5,B,Science,F,Father,0.5,0.9090909090909091,37,70,Good,0,M,High
39,F,KW,KuwaIT,MiddleSchool,5,A,IT,F,Father,0.14,0.13131313131313133,3,70,Bad,1,L,High
40,M,KW,KuwaIT,MiddleSchool,5,A,IT,F,Father,0.19,0.20202020202020202,16,50,Good,0,M,Medium
41,M,KW,KuwaIT,HighSchool,7,A,IT,F,Father,0.1,0.12121212121212122,7,33,Good,1,L,Low
42,F,KW,KuwaIT,HighSchool,7,A,IT,F,Father,0.3,0.35353535353535354,28,90,Good,0,M,High
43,F,KW,KuwaIT,HighSchool,7,A,IT,F,Father,0.33,0.3333333333333333,30,90,Bad,0,M,High
44,M,KW,KuwaIT,MiddleSchool,5,A,Quran,F,Father,0.2,0.12121212121212122,15,70,Good,1,L,High
45,M,KW,KuwaIT,lowerlevel,3,A,English,F,Father,0.07,0.10101010101010101,1,30,Bad,1,L,Low
46,F,KW,KuwaIT,HighSchool,10,A,English,F,Mum,0.7,0.04040404040404041,39,90,Good,0,H,High
47,F,KW,KuwaIT,HighSchool,10,A,English,F,Father,0.29,0.3939393939393939,50,77,Good,0,M,High
48,F,KW,KuwaIT,HighSchool,10,A,English,F,Father,0.2,0.1414141414141414,12,70,Bad,1,L,High
49,M,KW,KuwaIT,HighSchool,10,A,English,F,Father,0.39,0.15151515151515152,16,50,Good,1,L,Medium
50,F,KW,KuwaIT,HighSchool,10,A,English,F,Father,0.55,0.9090909090909091,16,40,Bad,0,M,Medium
51,F,KW,KuwaIT,HighSchool,9,A,Science,F,Mum,0.49,0.7070707070707071,19,75,Good,0,H,High
52,M,KW,KuwaIT,HighSchool,10,A,English,F,Mum,0.12,0.5050505050505051,8,30,Bad,1,L,Low
53,M,KW,KuwaIT,MiddleSchool,5,A,Math,F,Father,0.16,0.1414141414141414,6,20,Good,1,L,Low
54,M,USA,USA,MiddleSchool,6,B,Math,F,Father,0.19,0.050505050505050504,4,1,Good,1,L,Low
55,M,KW,KuwaIT,MiddleSchool,5,A,Math,F,Father,0.05,0.020202020202020204,6,5,Good,1,L,Low
56,M,KW,KuwaIT,MiddleSchool,5,A,Math,F,Father,0.28,0.6060606060606061,19,50,Good,0,M,Medium
57,F,USA,USA,MiddleSchool,5,A,Math,F,Father,0.27,0.2222222222222222,22,40,Good,0,M,Medium
58,F,Jordan,Jordan,lowerlevel,3,A,English,F,Mum,0.21,0.10101010101010101,28,20,Good,1,L,Low
59,M,KW,KuwaIT,HighSchool,8,A,IT,F,Father,0.5,0.7070707070707071,32,40,Good,0,M,Medium
60,M,venzuela,venzuela,HighSchool,8,A,IT,F,Mum,0.8,0.9090909090909091,70,80,Good,0,H,High
61,M,KW,KuwaIT,HighSchool,8,A,IT,F,Father,0.17,0.13131313131313133,16,12,Bad,0,M,Low
62,M,KW,KuwaIT,HighSchool,8,A,IT,F,Father,0.0,0.050505050505050504,7,2,Bad,1,L,Low
63,F,KW,KuwaIT,HighSchool,10,A,English,F,Father,0.25,0.10101010101010101,19,30,Bad,1,M,Low
64,F,USA,USA,HighSchool,10,A,English,F,Mum,0.65,0.7575757575757576,23,80,Good,0,H,High
65,F,USA,USA,HighSchool,10,A,IT,F,Mum,0.7,0.696969696969697,35,30,Good,0,H,Low
66,M,Jordan,Jordan,MiddleSchool,5,A,IT,F,Father,0.39,0.40404040404040403,11,33,Bad,0,M,Low
67,M,Jordan,Jordan,MiddleSchool,5,A,IT,F,Father,0.22,0.30303030303030304,10,12,Good,1,L,Low
68,M,KW,KuwaIT,MiddleSchool,5,A,IT,F,Father,0.29,0.2222222222222222,9,20,Good,0,M,Low
69,M,KW,KuwaIT,MiddleSchool,5,A,Math,F,Father,0.11,0.020202020202020204,2,8,Bad,0,L,Low
70,F,KW,KuwaIT,MiddleSchool,5,A,English,F,Father,0.19,0.30303030303030304,26,19,Bad,1,M,Low
71,M,KW,KuwaIT,MiddleSchool,5,B,IT,F,Father,0.12,0.0,6,13,Bad,0,L,Low
72,M,Jordan,Jordan,MiddleSchool,5,A,Quran,F,Mum,0.5,0.9090909090909091,29,60,Good,0,M,Medium
73,M,Iran,Iran,HighSchool,7,A,IT,F,Mum,0.15,0.7070707070707071,37,44,Good,0,M,Medium
74,M,KW,KuwaIT,HighSchool,7,A,IT,F,Father,0.2,0.8080808080808081,33,33,Good,0,M,Low
75,M,KW,KuwaIT,HighSchool,9,A,Quran,F,Father,0.13,0.030303030303030304,11,9,Bad,1,L,Low
76,M,KW,KuwaIT,MiddleSchool,5,A,Math,F,Father,0.08,0.15151515151515152,10,40,Bad,0,L,Medium
77,M,KW,KuwaIT,lowerlevel,1,A,IT,F,Father,0.08,0.25252525252525254,1,70,Bad,1,L,High
78,M,KW,KuwaIT,lowerlevel,1,B,IT,F,Father,0.07,0.050505050505050504,2,80,Good,1,L,High
79,M,KW,KuwaIT,lowerlevel,1,B,IT,F,Father,0.07,0.04040404040404041,10,50,Good,1,M,Medium
80,M,KW,KuwaIT,lowerlevel,1,B,IT,F,Father,0.5,0.7070707070707071,50,10,Good,1,H,Low
81,M,KW,KuwaIT,lowerlevel,1,B,IT,F,Father,0.01,0.0,1,12,Bad,1,L,Low
82,M,SaudiArabia,SaudiArabia,lowerlevel,1,B,IT,F,Father,0.7,0.12121212121212122,40,50,Good,0,H,Medium
83,M,KW,KuwaIT,lowerlevel,1,B,IT,F,Father,0.19,0.7070707070707071,3,50,Bad,0,L,Medium
84,F,KW,KuwaIT,lowerlevel,1,B,IT,F,Father,0.03,0.12121212121212122,4,33,Bad,0,L,Low
85,M,KW,KuwaIT,lowerlevel,1,B,IT,F,Father,0.05,0.20202020202020202,1,50,Good,1,L,Medium
86,M,KW,KuwaIT,lowerlevel,1,B,IT,F,Father,0.04,0.08080808080808081,10,60,Good,1,L,Medium
87,M,KW,KuwaIT,lowerlevel,1,B,IT,F,Father,0.8,0.9090909090909091,55,19,Good,0,H,Low
88,F,KW,KuwaIT,lowerlevel,1,B,IT,F,Father,0.5,0.7070707070707071,19,15,Good,0,H,Low
89,M,USA,USA,lowerlevel,1,B,IT,F,Father,0.55,0.898989898989899,40,40,Good,0,H,Medium
90,F,KW,KuwaIT,lowerlevel,1,B,IT,F,Father,0.8,0.4444444444444444,35,10,Good,1,L,Low
91,F,KW,KuwaIT,lowerlevel,1,B,IT,F,Father,1.0,0.8080808080808081,2,70,Bad,0,H,High
92,F,KW,KuwaIT,lowerlevel,1,C,IT,F,Father,0.14,0.6060606060606061,11,75,Good,0,H,High
93,F,KW,KuwaIT,lowerlevel,1,B,IT,F,Father,0.06,0.020202020202020204,38,12,Bad,0,M,Low
94,F,KW,KuwaIT,lowerlevel,1,C,IT,F,Father,0.1,0.030303030303030304,0,30,Bad,0,M,Low
95,M,KW,KuwaIT,lowerlevel,1,B,IT,F,Father,0.5,0.0707070707070707,9,50,Bad,1,M,Medium
96,M,KW,KuwaIT,lowerlevel,1,B,IT,F,Father,0.5,0.9090909090909091,40,90,Bad,0,M,High
97,F,KW,KuwaIT,lowerlevel,1,B,IT,F,Mum,0.7,0.9292929292929293,50,7,Good,0,H,Low
98,F,KW,KuwaIT,lowerlevel,1,B,IT,F,Father,0.02,0.06060606060606061,2,8,Bad,1,L,Low
99,M,KW,KuwaIT,lowerlevel,1,B,IT,F,Father,0.01,0.0707070707070707,6,10,Bad,1,L,Low
100,M,KW,KuwaIT,lowerlevel,1,B,IT,F,Father,0.0,0.12121212121212122,3,3,Good,1,M,Low
101,F,KW,KuwaIT,lowerlevel,1,B,IT,F,Father,0.0,0.0,5,80,Good,1,L,High
102,F,KW,KuwaIT,lowerlevel,1,B,IT,F,Father,0.12,0.26262626262626265,7,40,Good,0,M,Medium
103,M,KW,KuwaIT,lowerlevel,1,B,IT,F,Father,0.7,0.9090909090909091,41,33,Bad,0,H,Low
104,M,SaudiArabia,SaudiArabia,lowerlevel,1,B,IT,F,Father,0.07,0.12121212121212122,5,3,Bad,1,M,Low
105,M,KW,KuwaIT,lowerlevel,1,B,IT,F,Father,0.9,0.7070707070707071,30,14,Bad,0,M,Low
106,M,KW,KuwaIT,lowerlevel,1,C,IT,F,Father,0.77,0.8080808080808081,51,80,Good,0,M,High
107,M,KW,KuwaIT,lowerlevel,1,B,IT,F,Father,0.02,0.050505050505050504,3,50,Bad,1,L,Medium
108,M,KW,KuwaIT,lowerlevel,1,B,IT,F,Father,0.25,0.2727272727272727,0,69,Bad,1,L,High
109,M,KW,KuwaIT,lowerlevel,1,B,IT,F,Father,0.11,0.020202020202020204,0,50,Bad,1,L,Medium
110,M,KW,KuwaIT,lowerlevel,1,B,IT,F,Father,0.0,0.08080808080808081,11,70,Good,1,L,High
111,F,KW,KuwaIT,lowerlevel,1,C,IT,F,Mum,0.77,0.8080808080808081,12,19,Good,1,M,Low
112,F,KW,KuwaIT,lowerlevel,1,C,IT,F,Mum,0.25,0.29292929292929293,40,17,Good,0,H,Low
113,F,KW,KuwaIT,lowerlevel,1,C,IT,F,Mum,0.24,0.35353535353535354,23,22,Good,1,M,Low
114,M,KW,KuwaIT,lowerlevel,1,C,IT,F,Father,0.6,0.6060606060606061,3,60,Bad,0,M,Medium
115,M,KW,KuwaIT,lowerlevel,1,C,IT,F,Mum,0.21,0.12121212121212122,0,50,Good,0,M,Medium
116,M,KW,KuwaIT,lowerlevel,1,C,IT,F,Mum,0.0,0.04040404040404041,8,30,Bad,1,L,Low
117,F,KW,KuwaIT,lowerlevel,1,B,IT,F,Father,0.66,0.9090909090909091,55,12,Good,1,M,Low
118,F,lebanon,lebanon,lowerlevel,1,B,IT,F,Father,0.7,0.98989898989899,7,5,Good,0,M,Low
119,M,KW,KuwaIT,lowerlevel,1,C,IT,F,Father,0.0,0.06060606060606061,4,15,Bad,0,L,Low
120,M,KW,KuwaIT,lowerlevel,1,B,IT,F,Father,0.12,0.30303030303030304,0,17,Good,1,L,Low
121,F,Iran,Iran,lowerlevel,1,C,IT,F,Father,0.02,0.09090909090909091,7,55,Good,0,M,Medium
122,M,KW,KuwaIT,lowerlevel,1,B,IT,F,Father,0.55,0.3333333333333333,6,9,Bad,1,L,Low
123,M,KW,KuwaIT,lowerlevel,1,C,IT,F,Father,0.12,0.10101010101010101,20,16,Bad,0,L,Low
124,M,KW,KuwaIT,lowerlevel,1,B,IT,F,Father,0.7,0.9090909090909091,2,2,Good,0,L,Low
125,F,KW,KuwaIT,lowerlevel,1,C,IT,F,Father,0.07,0.09090909090909091,5,30,Bad,1,L,Low
126,M,Jordan,Jordan,lowerlevel,1,C,IT,F,Father,0.8,0.42424242424242425,20,50,Good,0,M,Medium
127,M,KW,KuwaIT,lowerlevel,1,C,IT,S,Father,0.0,0.030303030303030304,10,3,Bad,1,L,Low
128,M,KW,KuwaIT,lowerlevel,1,A,IT,S,Father,0.12,0.6060606060606061,0,70,Good,1,L,High
129,M,KW,KuwaIT,MiddleSchool,5,A,Quran,S,Father,0.8,0.8080808080808081,15,70,Good,0,H,High
130,F,KW,USA,HighSchool,9,A,Quran,S,Mum,0.7,0.8080808080808081,95,70,Good,0,H,High
131,F,KW,USA,HighSchool,9,A,Quran,F,Mum,0.6,0.8080808080808081,50,40,Bad,0,M,Medium
132,F,Jordan,Egypt,MiddleSchool,5,A,Quran,F,Mum,1.0,0.8080808080808081,95,90,Bad,0,H,High
133,M,Jordan,USA,MiddleSchool,5,A,Quran,F,Mum,1.0,0.8585858585858586,85,70,Bad,0,M,High
134,M,Tunis,Tunis,MiddleSchool,5,A,Quran,F,Father,0.1,0.6060606060606061,5,20,Bad,1,L,Low
135,M,Tunis,Tunis,MiddleSchool,5,A,Quran,S,Father,0.19,0.6565656565656566,50,10,Bad,1,L,Low
136,M,Tunis,Tunis,MiddleSchool,5,A,Quran,S,Father,0.1,0.7575757575757576,55,11,Good,0,M,Low
137,M,KW,KuwaIT,MiddleSchool,5,A,Quran,S,Father,0.8,0.9090909090909091,55,19,Good,0,H,Low
138,M,KW,KuwaIT,MiddleSchool,5,A,Quran,S,Father,0.1,0.10101010101010101,15,19,Bad,1,L,Low
139,M,Tunis,SaudiArabia,MiddleSchool,5,A,Quran,S,Father,0.7,0.7575757575757576,55,11,Bad,0,M,Low
140,F,lebanon,lebanon,MiddleSchool,5,A,Quran,S,Mum,1.0,0.7575757575757576,50,70,Good,0,H,High
141,F,lebanon,lebanon,MiddleSchool,5,A,Quran,S,Father,0.1,0.797979797979798,30,30,Bad,0,M,Low
142,F,Jordan,Jordan,MiddleSchool,5,A,Quran,S,Father,0.6,0.5555555555555556,30,40,Bad,0,M,Medium
143,F,Jordan,lebanon,MiddleSchool,5,A,Quran,S,Mum,1.0,0.7575757575757576,50,70,Bad,0,H,High
144,M,SaudiArabia,SaudiArabia,HighSchool,9,A,Quran,S,Father,0.8,0.8080808080808081,51,59,Good,0,H,Medium
145,M,SaudiArabia,USA,HighSchool,9,A,Science,S,Father,0.23,0.6363636363636364,71,89,Good,0,M,High
146,F,SaudiArabia,USA,HighSchool,9,B,Science,S,Father,1.0,0.9191919191919192,98,40,Bad,0,H,Medium
147,M,SaudiArabia,USA,HighSchool,9,B,Spanish,S,Father,0.1,0.5151515151515151,40,40,Bad,1,L,Medium
148,M,SaudiArabia,USA,HighSchool,9,B,English,S,Father,0.7,0.5050505050505051,33,41,Bad,1,M,Medium
149,M,SaudiArabia,USA,HighSchool,9,B,Math,S,Father,0.7,0.5858585858585859,73,91,Bad,0,H,High
150,F,Tunis,USA,HighSchool,9,B,French,S,Father,0.7,0.5050505050505051,30,49,Good,0,M,Medium
151,M,Tunis,Tunis,HighSchool,9,B,Science,S,Father,0.7,0.5050505050505051,33,40,Good,0,M,Medium
152,M,Tunis,KuwaIT,MiddleSchool,5,B,Science,S,Father,0.22,0.5151515151515151,48,10,Bad,1,L,Low
153,F,KW,KuwaIT,MiddleSchool,5,B,Science,S,Father,0.62,0.6868686868686869,48,80,Good,0,M,High
154,F,Jordan,Jordan,MiddleSchool,5,B,Science,S,Mum,0.82,0.898989898989899,58,50,Good,0,H,Medium
155,M,Jordan,Jordan,MiddleSchool,5,B,Science,S,Mum,0.72,0.8080808080808081,58,66,Bad,0,M,Medium
156,F,Jordan,Jordan,lowerlevel,1,B,French,S,Mum,0.7,0.8282828282828283,3,73,Bad,0,H,High
157,F,Jordan,USA,lowerlevel,1,B,French,S,Mum,0.6,0.8282828282828283,93,43,Bad,1,M,Medium
158,M,Jordan,Jordan,lowerlevel,1,B,French,S,Mum,0.55,0.7272727272727273,83,14,Good,1,M,Low
159,F,Morocco,Morocco,lowerlevel,1,B,French,S,Mum,0.72,0.6565656565656566,73,66,Good,0,H,Medium
160,M,KW,KuwaIT,lowerlevel,1,B,French,S,Mum,0.51,0.8282828282828283,53,43,Bad,0,M,Medium
161,M,Tunis,Tunis,lowerlevel,1,B,French,S,Mum,0.8,0.9292929292929293,83,43,Good,0,H,Medium
162,M,KW,KuwaIT,lowerlevel,1,B,French,S,Mum,0.6,0.5252525252525253,23,33,Good,0,H,Low
163,M,KW,KuwaIT,lowerlevel,1,B,French,S,Mum,0.3,0.12121212121212122,29,23,Bad,0,M,Low
164,M,KW,KuwaIT,lowerlevel,1,B,French,S,Mum,0.6,0.5252525252525253,23,33,Good,0,M,Low
165,M,Iran,Iran,lowerlevel,1,B,French,S,Mum,0.2,0.2222222222222222,53,13,Good,1,L,Low
166,M,Syria,Syria,lowerlevel,1,B,French,S,Mum,0.2,0.5252525252525253,23,33,Good,1,L,Low
167,F,Jordan,Jordan,lowerlevel,1,B,French,S,Father,0.5,0.6262626262626263,73,43,Bad,1,M,Medium
168,M,Iran,Iran,lowerlevel,1,B,French,S,Father,0.1,0.020202020202020204,13,53,Bad,1,L,Medium
169,M,Tunis,Tunis,lowerlevel,1,B,French,S,Mum,0.6,0.5252525252525253,23,33,Bad,0,H,Low
170,F,USA,USA,lowerlevel,1,B,French,S,Mum,0.15,0.5252525252525253,83,11,Bad,0,M,Low
171,F,lebanon,lebanon,lowerlevel,1,B,French,S,Mum,0.8,0.42424242424242425,33,13,Bad,0,H,Low
172,M,lebanon,lebanon,lowerlevel,1,B,French,S,Mum,0.4,0.5151515151515151,20,33,Bad,0,M,Low
173,F,SaudiArabia,SaudiArabia,lowerlevel,1,B,French,S,Father,0.6,0.7070707070707071,63,93,Bad,0,H,High
174,M,Jordan,Jordan,lowerlevel,1,B,French,S,Father,0.5,0.6262626262626263,13,33,Bad,1,L,Low
175,M,KW,KuwaIT,MiddleSchool,6,A,Arabic,S,Mum,0.85,0.7575757575757576,62,53,Bad,0,H,Medium
176,F,lebanon,lebanon,MiddleSchool,6,A,Arabic,S,Father,0.25,0.15151515151515152,32,53,Bad,0,M,Medium
177,M,lebanon,lebanon,MiddleSchool,6,A,Arabic,S,Mum,0.1,0.35353535353535354,30,13,Bad,1,L,Low
178,M,lebanon,Jordan,MiddleSchool,6,A,Arabic,S,Mum,0.87,0.6565656565656566,82,33,Good,0,H,Low
179,M,KW,KuwaIT,MiddleSchool,6,A,Arabic,S,Mum,0.85,0.15151515151515152,22,53,Good,0,M,Medium
180,F,KW,KuwaIT,MiddleSchool,6,A,Arabic,S,Father,0.8,0.7171717171717171,52,51,Good,0,M,Medium
181,M,KW,KuwaIT,MiddleSchool,6,A,Arabic,S,Mum,0.75,0.7171717171717171,72,53,Good,0,H,Medium
182,F,KW,KuwaIT,MiddleSchool,6,A,Arabic,S,Father,0.85,0.6666666666666666,12,23,Bad,0,M,Low
183,M,KW,KuwaIT,MiddleSchool,6,A,Arabic,S,Father,0.23,0.25252525252525254,32,53,Bad,0,L,Medium
184,M,KW,KuwaIT,MiddleSchool,6,A,Arabic,S,Father,0.15,0.25252525252525254,37,13,Good,1,L,Low
185,M,KW,KuwaIT,MiddleSchool,6,A,Arabic,S,Mum,0.95,0.9191919191919192,62,53,Good,0,M,Medium
186,M,Morocco,Morocco,MiddleSchool,6,A,Arabic,S,Mum,0.81,0.7575757575757576,62,53,Bad,0,M,Medium
187,M,Morocco,Morocco,MiddleSchool,6,A,Arabic,S,Mum,0.53,0.7575757575757576,72,23,Bad,0,M,Low
188,M,KW,KuwaIT,MiddleSchool,6,A,Arabic,S,Father,0.15,0.43434343434343436,42,33,Good,0,M,Low
189,M,KW,KuwaIT,MiddleSchool,6,A,Arabic,S,Mum,0.92,0.6565656565656566,62,53,Good,0,H,Medium
190,M,KW,KuwaIT,MiddleSchool,6,A,Arabic,S,Mum,0.83,0.7575757575757576,62,53,Bad,0,H,Medium
191,M,Morocco,Morocco,MiddleSchool,6,B,Arabic,S,Father,0.27,0.15151515151515152,42,53,Bad,1,L,Medium
192,M,KW,KuwaIT,MiddleSchool,6,B,Arabic,S,Father,0.45,0.9595959595959596,12,13,Bad,0,M,Low
193,M,KW,KuwaIT,MiddleSchool,6,B,Arabic,S,Mum,0.15,0.9090909090909091,52,83,Bad,0,H,High
194,F,lebanon,lebanon,MiddleSchool,6,A,Arabic,S,Mum,0.45,0.5858585858585859,52,43,Good,0,H,Medium
195,M,KW,KuwaIT,MiddleSchool,6,B,Arabic,S,Father,0.25,0.050505050505050504,12,33,Good,0,M,Low
196,F,KW,KuwaIT,MiddleSchool,6,B,Arabic,S,Father,0.22,0.5151515151515151,42,40,Bad,0,M,Medium
197,M,Jordan,Jordan,MiddleSchool,6,B,Arabic,S,Father,0.29,0.10101010101010101,12,24,Bad,1,L,Low
198,F,SaudiArabia,SaudiArabia,MiddleSchool,6,B,Arabic,S,Mum,0.72,0.5151515151515151,42,24,Bad,1,H,Low
199,M,KW,KuwaIT,MiddleSchool,6,B,Arabic,S,Father,0.67,0.31313131313131315,42,14,Good,0,M,Low
200,M,KW,KuwaIT,MiddleSchool,6,C,Spanish,S,Father,0.17,0.21212121212121213,42,14,Good,0,M,Low
201,M,Tunis,Tunis,MiddleSchool,6,C,Spanish,S,Mum,0.27,0.41414141414141414,49,14,Bad,0,M,Low
202,M,KW,KuwaIT,MiddleSchool,6,C,Spanish,S,Father,0.7,0.8181818181818182,39,84,Bad,0,M,High
203,M,Jordan,SaudiArabia,MiddleSchool,6,C,Spanish,S,Mum,0.27,0.9090909090909091,82,14,Good,0,H,Low
204,M,KW,KuwaIT,MiddleSchool,6,C,Spanish,S,Father,0.17,0.6161616161616161,42,14,Bad,0,M,Low
205,M,Tunis,Tunis,MiddleSchool,6,C,Spanish,S,Mum,0.87,0.8181818181818182,42,19,Good,0,H,Low
206,M,Tunis,Tunis,MiddleSchool,6,C,Spanish,S,Father,0.07,0.6161616161616161,22,14,Bad,1,L,Low
207,M,KW,KuwaIT,MiddleSchool,6,C,Spanish,S,Father,0.17,0.5050505050505051,2,4,Bad,1,L,Low
208,M,KW,KuwaIT,MiddleSchool,6,C,Spanish,S,Father,0.05,0.21212121212121213,42,14,Good,1,L,Low
209,M,Iran,Iran,MiddleSchool,6,C,Spanish,S,Mum,0.27,0.41414141414141414,32,61,Bad,1,M,Medium
210,F,Jordan,KuwaIT,MiddleSchool,6,C,Spanish,S,Father,0.87,0.8888888888888888,40,10,Good,0,M,Low
211,M,KW,KuwaIT,MiddleSchool,6,C,Spanish,S,Mum,0.96,0.6161616161616161,42,94,Bad,0,H,High
212,M,KW,KuwaIT,MiddleSchool,6,C,Spanish,S,Mum,0.57,0.5151515151515151,46,34,Good,0,M,Medium
213,M,lebanon,lebanon,MiddleSchool,6,C,Spanish,S,Father,0.77,0.696969696969697,41,13,Good,0,M,Low
214,M,lebanon,lebanon,MiddleSchool,6,C,Spanish,S,Father,0.8,0.5151515151515151,40,24,Good,0,M,Low
215,M,KW,KuwaIT,MiddleSchool,6,B,Spanish,S,Father,0.62,0.6161616161616161,82,40,Bad,0,M,Medium
216,M,KW,KuwaIT,MiddleSchool,6,A,Spanish,S,Mum,0.72,0.8383838383838383,12,90,Good,0,H,High
217,M,KW,KuwaIT,MiddleSchool,6,B,Spanish,S,Mum,0.87,0.8181818181818182,22,70,Bad,0,H,High
218,M,KW,KuwaIT,MiddleSchool,6,A,Spanish,S,Mum,0.72,0.9090909090909091,12,30,Bad,0,M,Low
219,M,KW,KuwaIT,MiddleSchool,6,B,Spanish,S,Father,0.02,0.1111111111111111,62,30,Bad,0,L,Low
220,M,KW,KuwaIT,MiddleSchool,6,A,Spanish,S,Father,0.05,0.030303030303030304,2,10,Good,0,L,Low
221,M,KW,KuwaIT,HighSchool,9,B,Math,S,Mum,0.73,0.8484848484848485,77,81,Good,1,H,High
222,M,KW,KuwaIT,MiddleSchool,6,A,Spanish,S,Father,0.05,0.1717171717171717,21,10,Bad,1,L,Low
223,M,Iran,Iran,MiddleSchool,6,A,Spanish,S,Mum,0.51,0.42424242424242425,12,29,Bad,1,M,Low
224,M,Syria,Jordan,MiddleSchool,6,A,Spanish,S,Father,0.09,0.0707070707070707,21,20,Good,1,L,Low
225,M,Syria,Syria,MiddleSchool,5,A,Quran,F,Father,0.19,0.7272727272727273,15,50,Good,1,M,Medium
226,F,Jordan,Jordan,MiddleSchool,5,B,Science,S,Mum,0.32,0.8080808080808081,58,46,Good,1,M,Medium
227,M,KW,KuwaIT,MiddleSchool,5,B,Science,S,Mum,0.32,0.6060606060606061,58,66,Good,1,M,Medium
228,M,KW,KuwaIT,MiddleSchool,5,B,Science,S,Father,0.12,0.08080808080808081,18,26,Bad,1,L,Low
229,M,Jordan,Jordan,MiddleSchool,5,B,Science,S,Father,0.52,0.10101010101010101,13,6,Bad,1,L,Low
230,M,KW,KuwaIT,MiddleSchool,5,B,Science,S,Father,0.72,0.8080808080808081,58,66,Good,1,M,Medium
231,F,KW,KuwaIT,MiddleSchool,5,B,Science,S,Mum,0.72,0.8080808080808081,58,66,Good,1,M,Medium
232,M,Egypt,Egypt,MiddleSchool,5,B,Science,S,Mum,0.92,0.8080808080808081,88,76,Good,0,H,High
233,M,KW,KuwaIT,MiddleSchool,5,B,Science,S,Mum,0.72,0.8080808080808081,98,96,Bad,0,H,High
234,M,Egypt,Egypt,MiddleSchool,5,B,Science,S,Father,0.72,0.8080808080808081,58,86,Good,0,M,High
235,M,KW,KuwaIT,MiddleSchool,5,B,Science,S,Father,0.22,0.20202020202020202,18,6,Bad,1,L,Low
236,M,Egypt,KuwaIT,MiddleSchool,5,B,Science,S,Father,0.12,0.20202020202020202,38,46,Bad,1,M,Medium
237,M,KW,KuwaIT,MiddleSchool,5,B,IT,S,Mum,0.7,0.9292929292929293,83,85,Bad,0,H,High
238,F,KW,KuwaIT,MiddleSchool,4,A,IT,S,Father,0.5,0.40404040404040403,52,66,Bad,0,M,Medium
239,F,KW,KuwaIT,MiddleSchool,4,A,Science,S,Father,0.8,0.9494949494949495,62,77,Good,0,H,High
240,F,KW,KuwaIT,MiddleSchool,4,A,Math,S,Father,0.87,0.48484848484848486,82,96,Bad,1,M,High
241,F,KW,KuwaIT,MiddleSchool,4,A,Quran,S,Father,0.7,0.40404040404040403,2,16,Bad,1,L,Low
242,M,KW,KuwaIT,lowerlevel,2,A,IT,S,Father,0.65,0.8686868686868687,62,40,Good,1,M,Medium
243,M,KW,KuwaIT,lowerlevel,2,A,Math,S,Father,0.15,0.06060606060606061,32,40,Good,0,H,Medium
244,M,Egypt,Egypt,lowerlevel,2,A,English,S,Mum,0.19,0.7474747474747475,32,17,Good,1,L,Low
245,F,KW,KuwaIT,lowerlevel,2,A,Science,S,Father,0.69,0.7676767676767676,82,94,Bad,0,M,High
246,M,KW,KuwaIT,lowerlevel,2,A,Arabic,S,Father,0.39,0.26262626262626265,12,44,Bad,1,L,Medium
247,M,KW,KuwaIT,lowerlevel,2,A,English,S,Father,0.59,0.9797979797979798,42,70,Good,0,H,High
248,M,KW,KuwaIT,lowerlevel,2,A,History,S,Father,0.1,0.1717171717171717,12,40,Good,0,H,Medium
249,F,KW,KuwaIT,lowerlevel,2,A,History,S,Mum,0.8,0.8787878787878788,72,60,Good,0,H,Medium
250,F,KW,KuwaIT,lowerlevel,2,A,History,S,Father,0.7,1.0,66,65,Good,0,M,Medium
251,F,KW,KuwaIT,lowerlevel,2,A,History,S,Father,0.8,0.9797979797979798,86,95,Good,0,M,High
252,M,KW,KuwaIT,lowerlevel,2,A,English,S,Mum,0.69,0.3434343434343434,12,17,Bad,1,L,Low
253,M,KW,KuwaIT,lowerlevel,2,A,History,S,Father,0.1,0.1717171717171717,12,14,Bad,1,L,Low
254,M,KW,KuwaIT,lowerlevel,2,A,History,S,Father,0.61,0.9797979797979798,82,64,Bad,1,M,Medium
255,F,KW,KuwaIT,lowerlevel,2,A,History,S,Mum,0.21,0.2727272727272727,52,34,Good,1,M,Medium
256,M,Egypt,Egypt,lowerlevel,2,A,Math,S,Mum,0.49,0.9494949494949495,42,7,Bad,1,M,Low
257,F,Jordan,Jordan,MiddleSchool,4,A,English,F,Mum,0.7,0.6464646464646465,42,32,Bad,0,M,Low
258,F,Jordan,Jordan,MiddleSchool,4,A,English,S,Mum,0.79,0.8484848484848485,82,37,Bad,0,H,Medium
259,M,Jordan,Jordan,MiddleSchool,4,A,English,F,Father,0.19,0.8080808080808081,12,17,Good,1,M,Low
260,M,Jordan,Jordan,MiddleSchool,4,A,English,S,Father,0.11,0.7070707070707071,32,29,Good,1,M,Low
261,M,Jordan,Jordan,MiddleSchool,4,A,English,F,Father,0.1,0.08080808080808081,10,10,Bad,1,M,Low
262,M,Jordan,Jordan,MiddleSchool,4,A,English,S,Father,0.18,0.2828282828282828,40,20,Bad,1,M,Low
263,F,Jordan,Jordan,MiddleSchool,4,A,English,F,Mum,0.9,0.8484848484848485,52,30,Good,0,H,Low
264,F,Jordan,Jordan,MiddleSchool,4,A,English,S,Mum,0.92,0.8181818181818182,32,36,Good,0,M,Medium
265,M,Jordan,Jordan,MiddleSchool,4,A,English,F,Father,0.42,0.21212121212121213,2,16,Bad,0,M,Low
266,M,Jordan,Jordan,MiddleSchool,4,A,English,S,Father,0.22,0.20202020202020202,6,26,Bad,0,H,Low
267,F,lebanon,lebanon,MiddleSchool,4,A,English,F,Mum,0.95,0.8282828282828283,82,70,Good,0,H,High
268,F,lebanon,lebanon,MiddleSchool,4,A,English,S,Mum,0.9,0.6262626262626263,80,60,Good,0,H,Medium
269,M,Palestine,Jordan,MiddleSchool,4,A,English,F,Mum,0.72,0.21212121212121213,22,26,Good,0,H,Low
270,M,Palestine,Jordan,MiddleSchool,4,A,English,S,Mum,0.92,0.31313131313131315,42,27,Good,0,H,Low
271,M,Palestine,Jordan,MiddleSchool,4,A,English,F,Mum,0.82,0.31313131313131315,52,25,Good,0,M,Low
272,M,Palestine,Jordan,MiddleSchool,4,A,English,S,Mum,0.72,0.41414141414141414,46,27,Good,0,M,Low
273,M,Iraq,Iraq,MiddleSchool,4,A,English,F,Mum,0.74,0.7171717171717171,56,37,Good,0,H,Medium
274,M,Iraq,Iraq,MiddleSchool,4,A,English,S,Mum,0.74,0.6060606060606061,56,37,Good,0,H,Medium
275,F,Jordan,Jordan,MiddleSchool,4,A,English,F,Mum,0.95,0.9494949494949495,72,80,Good,0,H,High
276,F,Jordan,Jordan,MiddleSchool,4,A,English,S,Mum,0.97,0.8787878787878788,82,86,Good,0,H,High
277,M,Jordan,Jordan,MiddleSchool,4,A,English,F,Father,0.4,0.3838383838383838,32,36,Bad,1,M,Medium
278,M,Jordan,Jordan,MiddleSchool,4,A,English,S,Father,0.41,0.3939393939393939,35,39,Bad,1,M,Medium
279,F,Jordan,Jordan,MiddleSchool,4,A,English,F,Mum,0.51,0.797979797979798,85,89,Good,0,H,High
280,F,Jordan,Jordan,MiddleSchool,4,A,English,S,Mum,0.81,0.797979797979798,91,85,Good,0,H,High
281,M,Palestine,Jordan,MiddleSchool,4,A,English,F,Mum,0.71,0.7070707070707071,65,69,Good,0,M,High
282,F,Jordan,Jordan,lowerlevel,2,A,Science,F,Father,0.49,0.36363636363636365,32,44,Bad,1,L,Medium
283,F,Jordan,Jordan,lowerlevel,2,A,Science,S,Father,0.42,0.24242424242424243,12,24,Bad,1,L,Low
284,F,Palestine,Palestine,lowerlevel,2,A,Science,F,Mum,0.9,0.8686868686868687,82,74,Good,0,H,High
285,F,Palestine,Palestine,lowerlevel,2,A,Science,S,Mum,0.62,0.6464646464646465,72,84,Good,0,H,High
286,M,Iraq,Iraq,lowerlevel,2,A,Science,F,Father,0.9,0.8686868686868687,82,74,Good,1,M,High
287,M,Iraq,Iraq,lowerlevel,2,A,Science,S,Father,0.62,0.6464646464646465,72,84,Good,1,M,High
288,F,Jordan,Jordan,lowerlevel,2,A,Science,F,Mum,0.98,0.8787878787878788,86,84,Good,0,H,High
289,F,Jordan,Jordan,lowerlevel,2,A,Science,S,Mum,0.72,0.7474747474747475,82,89,Good,0,H,High
290,M,Jordan,Jordan,lowerlevel,2,A,Science,F,Father,0.18,0.1717171717171717,26,34,Good,1,M,Medium
291,M,Jordan,Jordan,lowerlevel,2,A,Science,S,Father,0.32,0.1414141414141414,32,29,Good,1,M,Low
292,M,Jordan,Jordan,lowerlevel,2,A,Science,F,Father,0.1,0.12121212121212122,20,13,Bad,1,L,Low
293,M,Jordan,Jordan,lowerlevel,2,A,Science,S,Father,0.22,0.3434343434343434,15,9,Bad,1,L,Low
294,F,Jordan,Jordan,lowerlevel,2,B,Science,F,Mum,0.11,0.20202020202020202,21,23,Bad,0,M,Low
295,F,Jordan,Jordan,lowerlevel,2,B,Science,S,Mum,0.12,0.4444444444444444,25,39,Bad,0,M,Medium
296,F,Jordan,Jordan,lowerlevel,2,B,Science,F,Father,0.15,0.5050505050505051,24,43,Bad,0,M,Medium
297,F,Jordan,Jordan,lowerlevel,2,B,Science,S,Father,0.32,0.4444444444444444,29,89,Bad,0,M,High
298,M,Jordan,Jordan,lowerlevel,2,B,Science,F,Mum,0.65,0.5959595959595959,74,83,Good,0,H,High
299,M,Jordan,Jordan,lowerlevel,2,B,Science,S,Mum,0.72,0.6464646464646465,59,89,Good,0,H,High
300,M,Palestine,Jordan,lowerlevel,2,B,Science,F,Mum,0.95,0.5757575757575758,74,89,Good,1,M,High
301,M,Palestine,Jordan,lowerlevel,2,B,Science,S,Mum,0.82,0.8484848484848485,79,79,Good,1,M,High
302,M,Jordan,Jordan,lowerlevel,2,B,Science,F,Father,0.25,0.29292929292929293,34,33,Good,1,M,Low
303,M,Jordan,Jordan,lowerlevel,2,B,Science,S,Father,0.42,0.3434343434343434,29,39,Good,1,M,Medium
304,F,Jordan,Jordan,lowerlevel,2,B,Science,F,Mum,0.55,0.797979797979798,44,43,Good,0,H,Medium
305,F,Jordan,Jordan,lowerlevel,2,B,Science,S,Mum,0.62,0.6464646464646465,69,49,Good,0,H,Medium
306,F,Jordan,lebanon,lowerlevel,2,B,Science,F,Mum,0.78,0.8888888888888888,74,83,Good,0,H,High
307,F,Jordan,lebanon,lowerlevel,2,B,Science,S,Mum,0.72,0.8484848484848485,89,89,Good,0,H,High
308,M,Jordan,Jordan,lowerlevel,1,A,French,F,Mum,0.46,0.9292929292929293,83,23,Good,0,H,Low
309,F,Jordan,Jordan,lowerlevel,1,A,French,F,Mum,0.6,0.9797979797979798,13,3,Good,0,H,Low
310,F,Jordan,Jordan,lowerlevel,1,A,French,S,Mum,0.5,0.9595959595959596,23,10,Good,0,H,Low
311,F,Jordan,Jordan,lowerlevel,1,A,French,F,Mum,0.6,0.8787878787878788,23,11,Good,1,M,Low
312,M,Jordan,Jordan,lowerlevel,1,A,French,F,Father,0.1,0.15151515151515152,10,21,Bad,1,L,Low
313,M,Jordan,Jordan,lowerlevel,1,A,French,S,Father,0.3,0.10101010101010101,20,5,Bad,1,L,Low
314,M,Syria,Syria,lowerlevel,1,A,French,F,Father,0.24,0.35353535353535354,18,31,Bad,0,M,Low
315,M,Syria,Syria,lowerlevel,1,A,French,S,Father,0.27,0.20202020202020202,33,35,Bad,0,M,Medium
316,M,Jordan,Jordan,lowerlevel,1,A,French,F,Father,0.1,0.15151515151515152,10,21,Bad,1,L,Low
317,M,Jordan,Jordan,lowerlevel,1,A,French,S,Father,0.3,0.10101010101010101,20,5,Bad,1,L,Low
318,F,Jordan,Palestine,lowerlevel,1,A,French,F,Mum,0.8,0.7777777777777778,63,83,Good,0,M,High
319,F,Jordan,Palestine,lowerlevel,1,A,French,S,Mum,0.75,0.8585858585858586,73,80,Good,0,M,High
320,M,Jordan,Jordan,lowerlevel,1,A,French,F,Father,0.4,0.0707070707070707,50,41,Good,1,L,Medium
321,M,Jordan,Jordan,lowerlevel,1,A,French,S,Father,0.35,0.020202020202020204,29,33,Good,1,L,Low
322,F,Jordan,Jordan,lowerlevel,1,A,French,F,Mum,0.1,0.9090909090909091,30,21,Good,0,M,Low
323,F,Jordan,Jordan,lowerlevel,1,A,French,S,Mum,0.25,0.8080808080808081,29,23,Good,0,M,Low
324,M,Lybia,Lybia,lowerlevel,1,A,French,F,Mum,0.1,0.08080808080808081,9,3,Good,1,L,Low
325,M,Lybia,Lybia,lowerlevel,1,A,French,S,Mum,0.15,0.0707070707070707,12,7,Good,1,L,Low
326,F,Palestine,Jordan,lowerlevel,1,A,French,F,Mum,0.7,0.9090909090909091,20,21,Good,0,M,Low
327,F,Palestine,Jordan,lowerlevel,1,A,French,S,Mum,0.75,0.8080808080808081,15,20,Good,0,M,Low
328,F,Palestine,Jordan,lowerlevel,1,B,French,F,Father,0.78,0.98989898989899,10,11,Good,0,M,Low
329,F,Palestine,Jordan,lowerlevel,1,B,French,S,Father,0.79,0.898989898989899,11,14,Good,0,M,Low
330,F,Iraq,Iraq,lowerlevel,1,B,French,F,Father,0.16,0.9090909090909091,15,11,Good,0,M,Low
331,F,Iraq,Iraq,lowerlevel,1,B,French,S,Father,0.17,0.8080808080808081,13,10,Good,0,M,Low
332,M,Jordan,Jordan,lowerlevel,1,B,French,F,Mum,0.4,0.8787878787878788,50,41,Bad,0,M,Medium
333,M,Jordan,Jordan,lowerlevel,1,B,French,S,Mum,0.35,0.9292929292929293,29,33,Bad,0,M,Low
334,F,Jordan,Jordan,lowerlevel,1,B,French,F,Mum,0.14,0.9797979797979798,15,14,Good,0,H,Low
335,F,Jordan,Jordan,lowerlevel,1,B,French,F,Mum,0.13,0.8282828282828283,20,30,Good,0,H,Low
336,F,Jordan,Jordan,lowerlevel,1,B,French,S,Mum,0.24,0.9797979797979798,15,14,Good,0,H,Low
337,F,Jordan,Jordan,lowerlevel,1,B,French,S,Mum,0.23,0.8282828282828283,20,30,Good,0,H,Low
338,M,Lybia,Lybia,lowerlevel,1,B,French,F,Mum,0.2,0.030303030303030304,9,3,Good,1,L,Low
339,M,Lybia,Lybia,lowerlevel,1,B,French,S,Mum,0.15,0.04040404040404041,12,7,Good,1,L,Low
340,M,Egypt,Egypt,lowerlevel,1,B,French,F,Mum,0.05,0.13131313131313133,6,6,Good,1,L,Low
341,M,Egypt,Egypt,lowerlevel,1,B,French,S,Mum,0.07,0.09090909090909091,11,10,Good,1,L,Low
342,F,Jordan,Jordan,lowerlevel,1,B,French,F,Mum,0.1,0.9494949494949495,40,11,Good,0,M,Low
343,F,Jordan,Jordan,lowerlevel,1,B,French,S,Mum,0.25,0.898989898989899,21,13,Good,0,M,Low
344,M,Jordan,Jordan,lowerlevel,1,B,French,F,Mum,0.3,0.98989898989899,42,21,Good,0,H,Low
345,M,Jordan,Jordan,lowerlevel,1,B,French,S,Mum,0.35,0.9797979797979798,41,23,Good,0,H,Low
346,M,Jordan,Jordan,lowerlevel,1,B,French,F,Father,0.32,0.8888888888888888,32,25,Good,0,M,Low
347,M,Jordan,Jordan,lowerlevel,1,B,French,S,Father,0.25,0.8787878787878788,21,27,Good,0,M,Low
348,F,lebanon,lebanon,lowerlevel,1,B,French,F,Mum,0.72,0.98989898989899,52,15,Good,0,H,Low
349,F,lebanon,lebanon,lowerlevel,1,B,French,S,Mum,0.75,0.9090909090909091,51,17,Good,0,H,Low
350,M,Jordan,Jordan,lowerlevel,1,A,Arabic,F,Father,0.2,0.8888888888888888,31,28,Good,1,M,Low
351,M,Palestine,Jordan,lowerlevel,1,A,Arabic,F,Father,0.9,0.98989898989899,41,38,Good,0,H,Medium
352,M,Palestine,Jordan,lowerlevel,1,A,IT,S,Father,0.8,0.8888888888888888,51,39,Good,0,H,Medium
353,M,Iraq,Iraq,lowerlevel,1,A,Arabic,F,Father,0.8,0.9595959595959596,21,28,Good,0,H,Low
354,M,Iraq,Iraq,lowerlevel,1,A,Arabic,S,Father,0.78,0.7070707070707071,31,29,Good,0,H,Low
355,M,Jordan,Jordan,lowerlevel,1,A,Arabic,F,Father,0.1,0.18181818181818182,71,38,Good,1,M,Medium
356,M,Jordan,Jordan,lowerlevel,1,A,Arabic,S,Father,0.1,0.5858585858585859,51,48,Good,1,M,Medium
357,F,Palestine,Jordan,lowerlevel,1,A,Arabic,F,Mum,0.98,0.8888888888888888,60,31,Good,0,H,Low
358,F,Palestine,Jordan,lowerlevel,1,A,Arabic,S,Mum,0.75,0.8181818181818182,51,34,Good,0,H,Medium
359,M,Jordan,Jordan,lowerlevel,1,A,Arabic,F,Father,0.1,0.1717171717171717,50,21,Bad,0,M,Low
360,M,Jordan,Jordan,lowerlevel,1,A,Arabic,S,Father,0.35,0.020202020202020204,29,23,Bad,0,M,Low
361,F,Jordan,Jordan,lowerlevel,1,A,Arabic,F,Father,0.1,0.20202020202020202,22,97,Bad,1,L,High
362,F,Jordan,Jordan,lowerlevel,1,A,Arabic,S,Father,0.05,0.09090909090909091,19,98,Bad,1,L,High
363,M,Jordan,Jordan,lowerlevel,1,B,Arabic,F,Father,0.1,0.10101010101010101,40,51,Bad,1,L,Medium
364,M,Jordan,Jordan,lowerlevel,1,B,Arabic,S,Father,0.35,0.020202020202020204,29,23,Bad,1,L,Low
365,M,Jordan,Jordan,lowerlevel,1,B,Arabic,F,Mum,0.2,0.9090909090909091,50,61,Bad,1,M,Medium
366,M,Jordan,Jordan,lowerlevel,1,B,Arabic,S,Mum,0.32,0.8282828282828283,59,63,Bad,1,M,Medium
367,M,Jordan,Jordan,lowerlevel,1,B,Arabic,F,Father,0.1,0.30303030303030304,50,91,Bad,1,L,High
368,M,Jordan,Jordan,lowerlevel,1,B,Arabic,S,Father,0.12,0.2222222222222222,59,83,Bad,1,L,High
369,F,Jordan,Jordan,lowerlevel,1,B,Arabic,F,Father,0.11,0.20202020202020202,20,98,Bad,1,L,High
370,F,Jordan,Jordan,lowerlevel,1,B,Arabic,S,Father,0.1,0.12121212121212122,29,93,Bad,1,L,High
371,M,Iraq,Iraq,lowerlevel,1,B,Arabic,F,Mum,0.69,0.8282828282828283,20,28,Good,0,H,Low
372,M,Iraq,Iraq,lowerlevel,1,B,Arabic,S,Mum,0.7,0.8383838383838383,29,33,Good,0,H,Low
373,F,Iraq,Iraq,lowerlevel,1,B,Arabic,F,Mum,0.89,0.9292929292929293,40,28,Good,0,H,Low
374,F,Iraq,Iraq,lowerlevel,1,B,Arabic,S,Mum,0.79,0.9393939393939394,49,23,Good,0,H,Low
375,M,Jordan,Jordan,lowerlevel,1,B,Arabic,F,Mum,0.15,0.9090909090909091,21,97,Good,0,M,High
376,M,Jordan,Jordan,lowerlevel,1,B,Arabic,S,Mum,0.2,0.7777777777777778,31,88,Good,0,M,High
377,M,Jordan,SaudiArabia,lowerlevel,1,B,Arabic,F,Mum,0.04,0.10101010101010101,11,7,Good,1,L,Low
378,M,Jordan,SaudiArabia,lowerlevel,1,B,Arabic,S,Mum,0.05,0.0,1,8,Good,1,L,Low
379,F,Jordan,Jordan,MiddleSchool,5,A,Biology,F,Mum,0.88,0.8181818181818182,50,10,Good,1,M,Low
380,F,Jordan,Jordan,MiddleSchool,5,A,Biology,S,Mum,0.9,0.8888888888888888,54,12,Good,1,M,Low
381,F,Iraq,Iraq,MiddleSchool,5,A,Biology,F,Mum,0.86,0.98989898989899,50,20,Good,0,H,Low
382,F,Iraq,Iraq,MiddleSchool,5,A,Biology,S,Mum,0.9,0.9090909090909091,57,22,Good,0,H,Low
383,M,Jordan,Palestine,MiddleSchool,5,A,Biology,F,Mum,0.78,0.9191919191919192,50,40,Good,0,H,Medium
384,M,Jordan,Palestine,MiddleSchool,5,A,Biology,S,Mum,0.7,0.98989898989899,54,72,Good,0,H,High
385,M,Jordan,Jordan,MiddleSchool,5,A,Biology,F,Father,0.8,0.8080808080808081,46,61,Bad,0,M,Medium
386,M,Jordan,Jordan,MiddleSchool,5,A,Biology,S,Father,0.85,0.8282828282828283,59,63,Bad,0,M,Medium
387,M,Palestine,Palestine,MiddleSchool,5,A,Biology,F,Father,0.88,0.9090909090909091,86,81,Good,0,H,High
388,M,Palestine,Palestine,MiddleSchool,5,A,Biology,S,Father,0.89,0.9292929292929293,89,83,Good,0,H,High
389,M,Jordan,Jordan,MiddleSchool,5,A,Biology,F,Father,0.39,0.7171717171717171,40,26,Good,1,M,Low
390,M,Jordan,Jordan,MiddleSchool,5,A,Biology,S,Father,0.35,0.8080808080808081,34,22,Good,1,M,Low
391,M,Jordan,Jordan,MiddleSchool,5,A,Biology,F,Father,0.76,0.8181818181818182,80,86,Good,0,H,High
392,M,Jordan,Jordan,MiddleSchool,5,A,Biology,S,Father,0.65,0.898989898989899,64,82,Good,0,H,High
393,F,Syria,Syria,MiddleSchool,5,A,Biology,F,Mum,0.96,0.9595959595959596,70,70,Good,0,H,High
394,F,Syria,Syria,MiddleSchool,5,A,Biology,S,Mum,0.8,0.9191919191919192,87,72,Good,0,H,High
395,M,Jordan,Jordan,MiddleSchool,5,A,Biology,F,Mum,0.02,0.09090909090909091,10,1,Bad,1,L,Low
396,M,Jordan,Jordan,MiddleSchool,5,A,Biology,S,Mum,0.03,0.08080808080808081,19,3,Bad,1,L,Low
397,M,Jordan,Jordan,MiddleSchool,5,B,Biology,F,Father,0.5,0.797979797979798,10,31,Bad,0,M,Low
398,M,Jordan,Jordan,MiddleSchool,5,B,Biology,S,Father,0.53,0.8888888888888888,9,33,Bad,0,M,Low
399,F,Jordan,Jordan,MiddleSchool,5,B,Biology,F,Mum,0.7,0.898989898989899,12,21,Good,0,H,Low
400,F,Jordan,Jordan,MiddleSchool,5,B,Biology,S,Mum,0.59,0.9090909090909091,19,43,Good,0,H,Medium
401,M,Palestine,Jordan,MiddleSchool,5,B,Biology,F,Father,0.78,0.8080808080808081,66,51,Good,0,M,Medium
402,M,Palestine,Jordan,MiddleSchool,5,B,Biology,S,Father,0.79,0.7272727272727273,79,83,Good,0,M,High
403,F,Lybia,Lybia,MiddleSchool,5,B,Biology,F,Mum,0.1,0.09090909090909091,2,1,Good,1,L,Low
404,F,Lybia,Lybia,MiddleSchool,5,B,Biology,S,Mum,0.09,0.0707070707070707,9,3,Good,1,L,Low
405,M,Iraq,Iraq,MiddleSchool,5,B,Biology,F,Father,0.98,0.9090909090909091,86,71,Good,0,H,High
406,M,Iraq,Iraq,MiddleSchool,5,B,Biology,S,Father,0.89,0.9292929292929293,89,83,Good,0,H,High
407,M,Palestine,Jordan,MiddleSchool,5,B,Biology,F,Father,0.88,0.9090909090909091,76,81,Good,0,H,High
408,M,Palestine,Jordan,MiddleSchool,5,B,Biology,S,Father,0.99,0.9696969696969697,89,84,Good,0,H,High
409,F,Jordan,Jordan,MiddleSchool,6,A,Chemistry,F,Mum,0.82,0.898989898989899,22,31,Good,0,H,Low
410,F,Jordan,Jordan,MiddleSchool,6,A,Chemistry,S,Mum,0.84,0.9292929292929293,29,43,Good,0,H,Medium
411,F,Jordan,Jordan,MiddleSchool,6,A,Geology,F,Mum,0.7,0.696969696969697,46,45,Good,1,M,Medium
412,F,Jordan,Jordan,MiddleSchool,6,A,Geology,S,Mum,0.74,0.6262626262626263,49,43,Good,1,M,Medium
413,F,Jordan,Jordan,MiddleSchool,6,A,Geology,F,Mum,0.9,0.797979797979798,76,79,Good,0,H,High
414,F,Jordan,Jordan,MiddleSchool,6,A,Geology,S,Mum,0.84,0.7777777777777778,79,68,Good,0,H,High
415,M,Jordan,Jordan,MiddleSchool,6,A,Chemistry,F,Mum,0.8,0.8080808080808081,62,11,Good,1,M,Low
416,M,Jordan,Jordan,MiddleSchool,6,A,Chemistry,S,Mum,0.81,0.8282828282828283,69,13,Good,1,M,Low
417,M,Jordan,SaudiArabia,MiddleSchool,6,A,Chemistry,F,Father,0.1,0.0,2,41,Bad,1,L,Medium
418,M,Jordan,SaudiArabia,MiddleSchool,6,A,Chemistry,S,Father,0.11,0.020202020202020204,9,49,Bad,1,L,Medium
419,M,Jordan,SaudiArabia,MiddleSchool,6,A,Geology,F,Father,0.85,0.898989898989899,22,61,Bad,0,H,Medium
420,M,Jordan,SaudiArabia,MiddleSchool,6,A,Geology,S,Father,0.8,0.898989898989899,23,68,Bad,0,H,High
421,M,Jordan,SaudiArabia,MiddleSchool,6,A,Geology,F,Father,0.95,0.8787878787878788,62,81,Bad,0,M,High
422,M,Jordan,SaudiArabia,MiddleSchool,6,A,Geology,S,Father,0.87,0.797979797979798,73,98,Bad,0,M,High
423,M,Jordan,Jordan,MiddleSchool,6,A,Chemistry,F,Mum,0.85,0.8787878787878788,72,10,Good,1,M,Low
424,M,Jordan,Jordan,MiddleSchool,6,A,Chemistry,S,Mum,0.79,0.8888888888888888,79,20,Good,1,M,Low
425,M,Jordan,Jordan,MiddleSchool,6,A,Geology,F,Mum,0.8,0.8181818181818182,71,30,Good,0,M,Low
426,M,Jordan,Jordan,MiddleSchool,6,A,Geology,S,Mum,0.7,0.8383838383838383,70,23,Good,0,M,Low
427,M,Jordan,Jordan,MiddleSchool,6,A,Chemistry,F,Mum,0.8,0.8282828282828283,76,19,Good,0,M,Low
428,M,Jordan,Jordan,MiddleSchool,6,A,Chemistry,S,Mum,0.7,0.8282828282828283,75,29,Good,0,M,Low
429,M,Jordan,Jordan,MiddleSchool,6,A,Geology,F,Mum,0.89,0.8787878787878788,86,15,Good,0,M,Low
430,M,Jordan,Jordan,MiddleSchool,6,A,Geology,S,Mum,0.9,0.8686868686868687,85,10,Good,0,M,Low
431,M,Jordan,Jordan,MiddleSchool,6,A,History,F,Mum,0.69,0.7777777777777778,76,75,Good,1,M,High
432,M,Jordan,Jordan,MiddleSchool,6,A,History,S,Mum,0.7,0.7676767676767676,65,70,Good,1,M,High
433,M,Jordan,Jordan,MiddleSchool,6,A,Chemistry,F,Mum,0.75,0.7272727272727273,64,39,Good,1,L,Medium
434,M,Jordan,Jordan,MiddleSchool,6,A,Chemistry,S,Mum,0.72,0.7676767676767676,66,40,Good,1,L,Medium
435,M,Jordan,Jordan,MiddleSchool,6,A,Geology,F,Mum,0.77,0.8282828282828283,74,79,Good,0,M,High
436,M,Jordan,Jordan,MiddleSchool,6,A,Geology,S,Mum,0.71,0.8484848484848485,67,80,Good,0,M,High
437,M,Jordan,Jordan,MiddleSchool,6,A,History,F,Mum,0.87,0.9292929292929293,74,89,Good,0,H,High
438,M,Jordan,Jordan,MiddleSchool,6,A,History,S,Mum,0.81,0.8484848484848485,77,85,Good,0,H,High
439,F,Jordan,Jordan,MiddleSchool,6,A,Chemistry,F,Father,0.15,0.9797979797979798,22,10,Good,0,H,Low
440,F,Jordan,Jordan,MiddleSchool,6,A,Chemistry,S,Father,0.19,0.98989898989899,20,2,Good,0,H,Low
441,F,Jordan,Jordan,MiddleSchool,6,A,Geology,F,Father,0.25,0.8282828282828283,52,20,Good,1,M,Low
442,F,Jordan,Jordan,MiddleSchool,6,A,Geology,S,Father,0.29,0.7878787878787878,40,12,Good,1,M,Low
443,F,Jordan,Jordan,MiddleSchool,6,A,History,F,Father,0.45,0.8787878787878788,57,80,Good,0,M,High
444,F,Jordan,Jordan,MiddleSchool,6,A,History,S,Father,0.39,0.8888888888888888,43,72,Good,0,M,High
445,F,Jordan,Jordan,MiddleSchool,6,A,Chemistry,F,Father,0.85,0.9090909090909091,52,30,Good,0,H,Low
446,F,Jordan,Jordan,MiddleSchool,6,A,Chemistry,S,Father,0.79,0.9191919191919192,49,22,Good,0,H,Low
447,M,Iraq,Iraq,MiddleSchool,6,A,Chemistry,F,Father,0.9,0.9191919191919192,80,81,Good,0,H,High
448,M,Iraq,Iraq,MiddleSchool,6,A,Chemistry,S,Father,0.8,0.9090909090909091,80,83,Good,0,H,High
449,M,Iraq,Iraq,MiddleSchool,6,A,Geology,F,Father,0.8,0.8383838383838383,82,71,Good,1,M,High
450,M,Iraq,Iraq,MiddleSchool,6,A,Geology,S,Father,0.71,0.8181818181818182,83,72,Good,1,M,High
451,M,Iraq,Iraq,MiddleSchool,6,A,History,F,Father,0.72,0.8787878787878788,72,89,Good,1,M,High
452,M,Iraq,Iraq,MiddleSchool,6,A,History,S,Father,0.69,0.7777777777777778,83,92,Good,1,M,High
453,F,Jordan,Jordan,MiddleSchool,6,A,Chemistry,F,Mum,0.85,1.0,42,90,Good,0,H,High
454,F,Jordan,Jordan,MiddleSchool,6,A,Chemistry,S,Mum,0.89,0.9696969696969697,45,92,Good,0,H,High
455,F,Jordan,Jordan,MiddleSchool,6,A,Geology,F,Mum,0.8,0.8282828282828283,64,58,Good,0,H,Medium
456,F,Jordan,Jordan,MiddleSchool,6,A,Geology,S,Mum,0.87,0.9393939393939394,63,60,Good,0,H,Medium
457,F,Jordan,Jordan,MiddleSchool,6,A,Chemistry,F,Father,0.15,0.09090909090909091,14,80,Bad,1,L,High
458,F,Jordan,Jordan,MiddleSchool,6,A,Chemistry,S,Father,0.09,0.06060606060606061,15,85,Bad,1,L,High
459,M,Palestine,Jordan,MiddleSchool,6,A,History,F,Father,0.81,0.8686868686868687,86,41,Good,0,M,Medium
460,M,Palestine,Jordan,MiddleSchool,6,A,History,S,Father,0.78,0.8282828282828283,78,53,Good,0,M,Medium
461,M,Palestine,Palestine,MiddleSchool,6,A,Geology,F,Father,0.8,0.8787878787878788,74,68,Good,0,M,High
462,M,Palestine,Palestine,MiddleSchool,6,A,Geology,S,Father,0.85,0.8888888888888888,79,70,Good,0,M,High
463,F,Jordan,Jordan,MiddleSchool,6,A,Chemistry,F,Father,0.02,0.0707070707070707,4,8,Bad,1,L,Low
464,F,Jordan,Jordan,MiddleSchool,6,A,Geology,F,Father,0.5,0.7777777777777778,14,28,Bad,0,M,Low
465,F,Jordan,Jordan,MiddleSchool,6,A,Geology,S,Father,0.55,0.7474747474747475,25,29,Bad,0,M,Low
466,F,Jordan,Jordan,MiddleSchool,6,A,History,F,Father,0.3,0.1717171717171717,14,57,Bad,1,L,Medium
467,F,Jordan,Jordan,MiddleSchool,6,A,History,S,Father,0.35,0.1414141414141414,23,62,Bad,1,L,Medium
